{"defaults":{"parameters":{"language":"en","branding":"default"}},"teaser":{"execution":{"display":{"logo":"logoSmall.png","160x600":{"standard":{"video":{"x":-392,"y":-86,"scaledWidth":1373,"scaledHeight":722}}},"728x90":{"standard":{"video":{"x":-9,"y":-157,"scaledWidth":745,"scaledHeight":419}}},"300x250":{"standard":{"video":{"x":-141,"y":-39,"scaledWidth":582,"scaledHeight":327}}},"300x600":{"standard":{"video":{"x":-196,"y":-86,"scaledWidth":691,"scaledHeight":771}}},"970x250":{"standard":{"video":{"x":0,"y":-148,"scaledWidth":970,"scaledHeight":546}},"collapsed":{"video":{"x":0,"y":-202,"scaledWidth":970,"scaledHeight":546}}}}}}}