<manifest alg="2" build="2015.2.1.352" opt="true" iceEnabled="true" iceMarkupVersion="2" iceEnabledOptions="link,responsive" exportTarget="other" domain="exponential.com,tribalfusion.com" resolutions="1x" timestamp="1479961009004">
  <folder name="css">
    <file name="site_global.css" crc="112183303"/>
    <file name="index.css" crc="318198025" ref="index"/>
  </folder>
  <folder name="assets">
    <folder name="slogan_animation">
      <file name="slogan_animation.js" crc="137076914" mt="1478708454000"/>
      <file name="slogan_animation.html" crc="179603507" mt="1478708454000"/>
    </folder>
    <file name="video1.mp4" crc="368060410" seo="true" mt="1478712086000"/>
    <file name="poster1.png" crc="509617053" seo="true" mt="1478712148000"/>
  </folder>
  <folder name="scripts">
    <file name="jquery-1.8.3.min.js" crc="169078940" ref="index"/>
    <file name="museutils.js" crc="3851988764" ref="index"/>
    <file name="whatinput.js" crc="86476730" ref="index"/>
    <file name="museconfig.js" crc="169177150" ref="index"/>
    <file name="webpro.js" crc="4067903014" ref="index"/>
    <file name="musewpslideshow.js" crc="4265225696" ref="index"/>
    <file name="jquery.museoverlay.js" crc="4075157096" ref="index"/>
    <file name="touchswipe.js" crc="474750357" ref="index"/>
    <file name="jquery.watch.js" crc="3842844514" ref="index"/>
    <file name="require.js" crc="4108833657" ref="index"/>
  </folder>
  <folder name="images">
    <file name="exploretxtimg.png" crc="240387453" ref="index"/>
    <file name="vidtxtimg.png" crc="28062124" ref="index"/>
    <file name="gallerytxtimg.png" crc="239781409" ref="index"/>
    <file name="arrow.png" crc="3952402963" ref="index"/>
    <file name="lr_logo.png" crc="4160164742" ref="index"/>
    <file name="vdxby-u506-fr.png" crc="41031669" ref="index"/>
  </folder>
  <file name="index.html" crc="466044925" seo="true" mt="1479960998644" redirect="true"/>
</manifest>